{
    "id": 0,
    "label": "Level 1",
    "objects": [
        {
            "color": [
                20,
                20,
                20,
                255
            ],
            "func": 0,
            "label": "block",
            "rect": [
                0.0,
                600.0,
                800.0,
                100.0
            ],
            "sides": [
                true,
                true,
                true,
                true
            ],
            "spriteId": 255,
            "type": 0,
            "uuId": 0
        },
        {
            "color": [
                50,
                50,
                50,
                255
            ],
            "func": 0,
            "label": "block",
            "rect": [
                300.0,
                500.0,
                200.0,
                100.0
            ],
            "sides": [
                true,
                false,
                false,
                false
            ],
            "spriteId": 255,
            "type": 0,
            "uuId": 1
        }
    ],
    "player_start": [
        100.0,
        100.0
    ]
}